<?xml version="1.0" encoding="UTF-8"?>
<beans xmlns="http://www.springframework.org/schema/beans"
       xmlns:xsi="http://www.w3.org/2001/XMLSchema-instance"
       xmlns:context="http://www.springframework.org/schema/context"
       xsi:schemaLocation="http://www.springframework.org/schema/beans http://www.springframework.org/schema/beans/spring-beans.xsd http://www.springframework.org/schema/context http://www.springframework.org/schema/context/spring-context.xsd http://www.springframework.org/schema/cache http://www.springframework.org/schema/cache/spring-cache.xsd">

    <!--第一步：加载project下的所有包-->
    <context:component-scan base-package="project"/>
    <!--加载数据源文件-->
    <context:property-placeholder location="classpath:db.properties"/>
    <bean id="dataSource" class="com.mchange.v2.c3p0.ComboPooledDataSource">
        <property name="driverClass" value="${mysql.driver}"/>
        <property name="jdbcUrl" value="${mysql.url}"/>
        <property name="user" value="${mysql.username}"/>
        <property name="password" value="${mysql.password}"/>
    </bean>

    <!--第二步：创建SqlSessionFactory的Bean，生产SqlSession-->
    <bean class="org.mybatis.spring.SqlSessionFactoryBean" id="sqlSessionFactory">
        <!--加载myBatis的全局配置文件-->
        <property name="configLocation" value="classpath:sqlMapConfig.xml"/>
        <!--注入数据源-->
        <property name="dataSource" ref="dataSource"/>
        <!--自动扫描Mapping.xml文件-->
        <!--<property name="mapperLocations" value="classpath:project/mapping/*.xml"/>-->
    </bean>
    <!--批量生成Mapper接口的代理类（bean），注意：生成的bean（Mapper接口代理类对象）默认的id为Mapper接口的类名，首字母小写-->
    <bean class="org.mybatis.spring.mapper.MapperScannerConfigurer">
        <!--schoolDao-->
        <property name="basePackage" value="project.dao"/>
        <property name="sqlSessionFactoryBeanName" value="sqlSessionFactory"/>
     </bean>

    <!--第三步：事务，在service层加事务-->
    <!--事务管理器-->
    <bean class="org.springframework.jdbc.datasource.DataSourceTransactionManager" id="transactionManager">
        <property name="dataSource" ref="dataSource"/>
     </bean>

    <!--Shiro-->
    <!--1.配置SecurityManager-->
    <!-- =========================================================
         Shiro Core Components - Not Spring Specific
         ========================================================= -->
    <!-- Shiro's main business-tier object for web-enabled applications
         (use DefaultSecurityManager instead when there is no web environment)-->
    <bean id="securityManager" class="org.apache.shiro.web.mgt.DefaultWebSecurityManager">
        <property name="cacheManager" ref="cacheManager"/>
        <!-- Single realm app.  If you have multiple realms, use the 'realms' property instead. -->
        <property name="sessionMode" value="native"/>
        <property name="realm" ref="jdbcRealm"/>
    </bean>

    <!--2.配置CacheManager
            2.1引入ehCache的依赖以及配置文件
    -->
    <!-- Let's use some enterprise caching support for better performance.  You can replace this with any enterprise
         caching framework implementation that you like (Terracotta+Ehcache, Coherence, GigaSpaces, etc -->
    <bean id="cacheManager" class="org.apache.shiro.cache.ehcache.EhCacheManager">
        <!-- Set a net.sf.ehcache.CacheManager instance here if you already have one.  If not, a new one
             will be creaed with a default config:
             <property name="cacheManager" ref="ehCacheManager"/> -->
        <!-- If you don't have a pre-built net.sf.ehcache.CacheManager instance to inject, but you want
             a specific Ehcache configuration to be used, specify that here.  If you don't, a default
             will be used.:-->
        <!--引入ehCache的配置文件-->
        <property name="cacheManagerConfigFile" value="classpath:ehcache.xml"/>
    </bean>

    <!--3.配置Realm
            3.1配置了一个实现了Realm接口的bean
    -->
    <!-- Used by the SecurityManager to access security data (users, roles, etc).
         Many other realm implementations can be used too (PropertiesRealm,
         LdapRealm, etc. -->
    <bean id="jdbcRealm" class="project.realm.LoginRealmImpl">
        <property name="credentialsMatcher">
            <bean class="org.apache.shiro.authc.credential.HashedCredentialsMatcher">
                <property name="hashAlgorithmName" value="MD5"/>
                <!--<property name="hashIterations" value="10"/>-->
            </bean>
        </property>
    </bean>

    <!-- =========================================================
         Shiro Spring-specific integration
         ========================================================= -->
    <!-- Post processor that automatically invokes init() and destroy() methods
         for Spring-configured Shiro objects so you don't have to
         1) specify an init-method and destroy-method attributes for every bean
            definition and
         2) even know which Shiro objects require these methods to be
            called. -->

    <!--4.配置生命周期的bean后置处理器，自动调用配置在Spring IOC 容器中的shiro bean的生命周期方法-->
    <bean id="lifecycleBeanPostProcessor" class="org.apache.shiro.spring.LifecycleBeanPostProcessor"/>

    <!--5.启用IOC容器中使用shiro 的注解，但必须在配置了LifecycleBeanPostProcessor之后才能使用-->
    <!-- Enable Shiro Annotations for Spring-configured beans.  Only run after
         the lifecycleBeanProcessor has run: -->
    <bean class="org.springframework.aop.framework.autoproxy.DefaultAdvisorAutoProxyCreator"
          depends-on="lifecycleBeanPostProcessor"/>
    <bean class="org.apache.shiro.spring.security.interceptor.AuthorizationAttributeSourceAdvisor">
        <property name="securityManager" ref="securityManager"/>
    </bean>

    <!--6.配置shiro Filter
        6.1  id必须和WEB.xml文件中配置的DelegatingFilter的filter-name一致；
    -->

    <!-- Define the Shiro Filter here (as a FactoryBean) instead of directly in web.xml -
         web.xml uses the DelegatingFilterProxy to access this bean.  This allows us
         to wire things with more control as well utilize nice Spring things such as
         PropertiesPlaceholderConfigurer and abstract beans or anything else we might need: -->
    <bean id="shiroFilter" class="org.apache.shiro.spring.web.ShiroFilterFactoryBean">
        <property name="securityManager" ref="securityManager"/>
        <property name="loginUrl" value="/login.form"/>
        <property name="successUrl" value="/index.form"/>
        <property name="unauthorizedUrl" value="/error.form"/>
        <!-- The 'filters' property is not necessary since any declared javax.servlet.Filter bean
             defined will be automatically acquired and available via its beanName in chain
             definitions, but you can perform overrides or parent/child consolidated configuration
             here if you like: -->
        <!-- <property name="filters">
            <util:map>
                <entry key="aName" value-ref="someFilterPojo"/>
            </util:map>
        </property> -->
        <!--7.配置哪些页面需要受保护，以及访问这些页面需要的权限
               1.anon 可以被匿名访问
               2.authc 必须登录后才可以被访问
        -->
        <property name="filterChainDefinitions">
            <value>
                <!--/favicon.ico = anon-->
                <!--/logo.png = anon-->
                <!--/shiro.css = anon-->
                <!--/s/login = anon-->
                <!--# allow WebStart to pull the jars for the swing app:-->
                <!--/*.jar = anon-->
                <!--# everything else requires authentication:-->
                <!--/** = authc-->
                <!--/toRegister.form = authc-->
                <!--/index.form = authc-->
                <!--/quit.form = logout-->
            </value>
        </property>
    </bean>


</beans>