<?xml version="1.0" encoding="UTF-8"?>
<beans xmlns="http://www.springframework.org/schema/beans"
       xmlns:xsi="http://www.w3.org/2001/XMLSchema-instance" xmlns:mvc="http://www.springframework.org/schema/mvc"
       xmlns:context="http://www.springframework.org/schema/context"
       xsi:schemaLocation="http://www.springframework.org/schema/beans http://www.springframework.org/schema/beans/spring-beans.xsd http://www.springframework.org/schema/mvc http://www.springframework.org/schema/mvc/spring-mvc.xsd http://www.springframework.org/schema/context http://www.springframework.org/schema/context/spring-context.xsd">

    <!--
    mvc:annotation-driven
    开启后会自动注册请求和POJO映射的Mapping和Adapter：RequestMappingHandlerMapping和RequestMappingHandlerAdapter；
    并且提供了数据绑定支持，@NumberFormatAnnotation支持，@DateTimeFormat支持，@Valid支持读写XML的支持（JAXB）和读写JSON（默认Jackson）的支持
    -->
    <mvc:annotation-driven/>
    <mvc:default-servlet-handler/>
    <!--配置包自动扫描路径-->
    <context:component-scan base-package="project.control"/>

    <!--避免IE执行AJAX时，返回JSON出现下载文件-->
    <bean class="org.springframework.http.converter.json.MappingJackson2HttpMessageConverter" id="mappingJackson2HttpMessageConverter">
        <property name="supportedMediaTypes">
            <list>
                <value>text/html;charset=UTF-8</value>
            </list>
        </property>
    </bean>
    <!--配置视图解析器，定义跳转的文件的前后缀，完成路径的解析-->
    <bean class="org.springframework.web.servlet.view.InternalResourceViewResolver" id="internalResourceViewResolver">
        <property name="prefix" value="/WEB-INF/views/"/>
        <property name="suffix" value=".html"/>
    </bean>
</beans>