<?xml version="1.0" encoding="UTF-8" ?>
<!DOCTYPE configuration
        PUBLIC "-//mybatis.org//DTD Config 3.0//EN"
        "http://mybatis.org/dtd/mybatis-3-config.dtd">

<configuration>

    <settings>
        <!--开启驼峰命名规则，默认为false不开启，开启后会将数据库中A_COLUMN到bean中的aColumn类似的映射-->
        <setting name="mapUnderscoreToCamelCase" value="true"/>
        <setting name="lazyLoadingEnabled" value="true"/>
        <setting name="aggressiveLazyLoading" value="false"/>
    </settings>

    <mappers>

        <mapper resource="mapping/UserMapping.xml"/>

    </mappers>
</configuration>